num,date,current,volume,T,H,AQI,CO,NO2,O3,PM10,PM2.5,SO2
0,2018/8/2 18:00,0.1,1.83E-07,28.39166667,85.35333333,48,0.45,18,69,39,15,6
1,2018/8/2 19:00,0.1,5.43E-07,26.85,92.23833333,46,0.425,20,69,40,13,6
2,2018/8/2 20:00,0.1,9.03E-07,26.52666667,93.455,43,0.413,24,45,33,13,6
3,2018/8/2 21:00,0.1,1.26E-06,26.84833333,91.55,39,0.387,20,42,32,10,5
4,2018/8/2 22:00,0.1,1.62E-06,27.71333333,86.365,35,0.387,19,40,27,12,5
5,2018/8/2 23:00,0.1,1.98E-06,27.915,85.94,31,0.413,21,37,25,12,5
6,2018/8/3 0:00,0.1,2.34E-06,27.06166667,89.71,32,0.375,14,40,31,10,5
7,2018/8/3 1:00,0.1,2.70E-06,26.80333333,90.15,27,0.375,16,38,26,11,6
8,2018/8/3 2:00,0.1,3.06E-06,26.47666667,88.95666667,30,0.311,17,40,29,10,7
9,2018/8/3 3:00,0.1,3.42E-06,26.78333333,87.52833333,29,0.311,14,41,28,12,7
10,2018/8/3 4:00,0.1,3.78E-06,26.92,88.11333333,28,0.322,15,40,27,14,7
11,2018/8/3 5:00,0.1,4.14E-06,27.88166667,85.575,28,0.333,14,44,27,12,6
12,2018/8/3 6:00,0.1,4.50E-06,31.7,72.04666667,33,0.367,18,47,32,14,6
13,2018/8/3 7:00,0.1,4.86E-06,35.105,60.18333333,36,0.55,25,48,35,15,7
14,2018/8/3 8:00,0.1,5.22E-06,36.50833333,56.38166667,50,0.488,20,62,49,21,8
15,2018/8/3 9:00,0.1,5.58E-06,36.84833333,57.615,51,0.438,15,67,50,20,8
16,2018/8/3 10:00,0.1,5.94E-06,36.27166667,58.355,38,0.388,16,68,37,15,7
17,2018/8/3 11:00,0.1,6.30E-06,34.83166667,64.62666667,38,0.388,10,70,37,12,6
18,2018/8/3 12:00,0.1,6.66E-06,33.825,67.84166667,31,0.35,8,78,30,11,6
19,2018/8/3 13:00,0.1,7.02E-06,31.835,74.615,37,0.337,6,79,36,12,6
20,2018/8/3 14:00,0.1,7.38E-06,31.24333333,78.04333333,35,0.337,4,81,34,11,5
21,2018/8/3 15:00,0.1,7.74E-06,31.185,77.5,38,0.337,5,84,34,16,5
22,2018/8/3 16:00,0.1,8.10E-06,31.82833333,74.89166667,41,0.337,6,93,40,16,5
23,2018/8/3 17:00,0.1,8.46E-06,30.51166667,79.305,41,0.357,8,94,35,13,5
24,2018/8/3 18:00,0.108333333,8.83E-06,28.065,88.98333333,42,0.375,11,82,37,17,5
25,2018/8/3 19:00,0.101666667,9.22E-06,27.65166667,91.00666667,43,0.387,9,81,38,17,4
26,2018/8/3 20:00,0.1,9.58E-06,27.50166667,92.03,45,0.35,10,73,44,16,4
27,2018/8/3 21:00,0.1,9.94E-06,27.365,93.97166667,45,0.325,7,68,44,14,4
28,2018/8/3 22:00,0.165,1.04E-05,27.41666667,93.94666667,45,0.313,7,65,44,15,4
29,2018/8/3 23:00,0.231666667,1.11E-05,27.445,93.54666667,41,0.329,4,57,40,13,4
30,2018/8/4 0:00,0.401666667,1.22E-05,27.53666667,93.87166667,37,0.3,2,59,31,10,4
31,2018/8/4 1:00,0.251666667,1.37E-05,27.49166667,93.69666667,36,0.286,2,61,35,8,4
32,2018/8/4 2:00,0,1.39E-05,27.47727273,92.93181818,34,0.286,2,58,33,10,4
35,2018/8/4 5:00,19.72068966,0.000659507,27.13103448,97.38275862,38,0.3245,4.5,75.5,37,14.5,4
36,2018/8/4 6:00,13.255,0.000700447,27.415,95.755,38,0.3245,4.5,75.5,37,14.5,4
37,2018/8/4 7:00,6.846666667,0.00073761,28.74333333,89.29333333,44,0.363,7,89,43,21,4
38,2018/8/4 8:00,1.483333333,0.00074971,29.945,83.78666667,49,0.363,7,90,48,20,4
40,2018/8/4 10:00,0.323728814,0.000770151,31.7559322,85.03220339,53,0.329,8,86,53,21,5
41,2018/8/4 11:00,0.111666667,0.000770851,33.28166667,74.37833333,54,0.314,9,89,55,25,5
42,2018/8/4 12:00,0.1,0.000771213,32.66333333,73.33166667,56,0.367,6,98,59,26,6
43,2018/8/4 13:00,0.078333333,0.000771528,32.17333333,75.58333333,54,0.329,7,101,55,25,7
44,2018/8/4 14:00,0.103333333,0.000771856,31.22833333,77.80666667,54,0.3,6,98,55,24,5
45,2018/8/4 15:00,0.101666667,0.000772227,30.78333333,79.85333333,53,0.343,6,98,53,22,5
46,2018/8/4 16:00,0.101666667,0.000772588,30.01166667,82.77,52,0.343,6,94,52,26,5
47,2018/8/4 17:00,0.556666667,0.000773426,28.85166667,87.53833333,50,0.329,5,91,49,20,5
48,2018/8/4 18:00,1.953333333,0.000778025,27.995,89.83166667,50,0.313,7,88,49,24,4
49,2018/8/4 19:00,4.065,0.00078837,27.825,91.96,48,0.3,8,88,46,20,4
50,2018/8/4 20:00,8.078333333,0.000809401,27.38,94.76333333,50,0.325,10,85,49,22,4
51,2018/8/4 21:00,10.04,0.000845741,27.53166667,94.925,51,0.288,9,85,50,25,5
52,2018/8/4 22:00,10.27333333,0.000879391,27.64666667,94.85166667,48,0.3,7,95,47,23,5
53,2018/8/4 23:00,12.21166667,0.000921082,27.575,96.06833333,46,0.314,6,104,45,23,4
54,2018/8/5 0:00,12.50833333,0.000965458,27.49166667,97.02,48,0.314,5,107,47,25,4
55,2018/8/5 1:00,15.15333333,0.001013761,27.35666667,97.92666667,53,0.35,7,102,47,19,4
56,2018/8/5 2:00,19.27666667,0.0010778,27.44833333,98.65,53,0.314,3,101,49,21,4
57,2018/8/5 3:00,15.62166667,0.001140243,27.59166667,98.165,52,0.35,4,92,51,19,4
58,2018/8/5 4:00,16.45333333,0.001198637,27.56166667,98.59666667,49.5,0.35,9,79.5,48.5,19,4
59,2018/8/5 5:00,15.94833333,0.001256429,27.62666667,98.33,49.5,0.35,9,79.5,48.5,19,4
60,2018/8/5 6:00,7.508333333,0.001301962,28.34833333,94.55333333,49.5,0.35,9,79.5,48.5,19,4
61,2018/8/5 7:00,2.185,0.00131642,29.775,88.79166667,47,0.35,14,67,46,19,4
62,2018/8/5 8:00,0.825,0.00132092,29.71666667,88.57,47,0.343,13,66,46,20,5
63,2018/8/5 9:00,0.401666667,0.001323116,30.71166667,85.115,49,0.343,13,62,48,21,5
64,2018/8/5 10:00,0.128333333,0.001324071,34.23,73.60166667,54,0.417,12,63,55,18,5
65,2018/8/5 11:00,0.108333333,0.001324442,32.63333333,77.50166667,53,0.357,10,67,54,19,5
66,2018/8/5 12:00,0.128333333,0.001324909,33.31333333,74.68,55,0.329,10,71,58,22,5
67,2018/8/5 13:00,0.1,0.001325289,34.055,73.33,56,0.35,8,77,60,18,4
68,2018/8/5 14:00,0.1,0.001325649,32.725,77.17666667,55,0.363,6,83,58,22,5
69,2018/8/5 15:00,0.126666667,0.001326039,31.33,82.05,53,0.35,7,82,53,21,4
70,2018/8/5 16:00,0.351666667,0.001326762,30.76,84.43166667,51,0.389,7,85,50,19,5
71,2018/8/5 17:00,0.865,0.001328917,29.75,88.175,50,0.367,7,83,49,21,4
72,2018/8/5 18:00,2.055,0.001333964,28.49666667,92.99333333,50,0.378,9,77,49,19,4
73,2018/8/5 19:00,3.175,0.001343658,28.02833333,93.92,48,0.389,12,80,47,20,4
74,2018/8/5 20:00,6.353333333,0.001360286,27.63666667,95.89833333,47,0.378,13,83,46,21,4
75,2018/8/5 21:00,5.106666667,0.001381959,27.63333333,94.39833333,48,0.333,12,73,47,24,4
76,2018/8/5 22:00,3.88,0.001398314,27.475,94.08166667,43,0.322,7,68,42,19,4
77,2018/8/5 23:00,3.703333333,0.001411167,27.21,94.43333333,39,0.325,4,60,38,17,4
78,2018/8/6 0:00,10.67833333,0.00143633,26.80333333,96.75833333,37,0.371,3,55,28,12,3
79,2018/8/6 1:00,18.155,0.001485893,26.38,98.69833333,28,0.329,3,50,27,12,4
87,2018/8/6 9:00,0,0.004832976,36.56440678,61.59491525,33,0.375,9,49,32,12,5
88,2018/8/6 10:00,0,0.004832976,35.32833333,65.27,38,0.3,6,57,37,11,5
89,2018/8/6 11:00,0,0.004832976,34.48666667,67.24333333,38,0.333,6,58,37,14,4
90,2018/8/6 12:00,0,0.004832976,35.07833333,65.59833333,34,0.311,6,59,33,14,5
91,2018/8/6 13:00,0,0.004832976,35.04166667,66.90166667,36,0.3055,6.5,56.5,35,13.5,4.5
92,2018/8/6 14:00,0,0.004832976,33.76666667,70.90833333,38,0.3,7,54,37,13,4
93,2018/8/6 15:00,0,0.004832976,33.16833333,72.88333333,35,0.275,8,49,34,13,4
94,2018/8/6 16:00,0,0.004832976,34.2,69.02333333,33,0.3,8,49,32,12,4
95,2018/8/6 17:00,0,0.004832976,31.41833333,77.38666667,31,0.311,8,51,30,13,5
96,2018/8/6 18:00,0,0.004832976,28.34166667,89.83833333,32,0.333,8,52,31,13,4
97,2018/8/6 19:00,1.108333333,0.004834327,27.81,92.59833333,35,0.333,9,47,34,14,5
98,2018/8/6 20:00,6.23,0.004846485,27.28,94.7,33,0.333,10,42,32,15,5
99,2018/8/6 21:00,15.19666667,0.004883475,27.19833333,95.99333333,29,0.322,11,36,28,14,5
100,2018/8/6 22:00,20.23833333,0.004950554,27.10833333,97.13,29,0.311,13,34,28,12,5
101,2018/8/6 23:00,20.18666667,0.005024133,27.00166667,97.33833333,28,0.337,8,42,27,12,4
102,2018/8/7 0:00,23.385,0.005102388,27.03166667,97.24833333,26,0.343,4,44,25,12,4
103,2018/8/7 1:00,25,0.005187247,26.92833333,97.07333333,28,0.343,3,45,27,9,4
104,2018/8/7 2:00,32.89166667,0.005290651,26.845,97.64333333,27,0.343,4,48,26,11,4
105,2018/8/7 3:00,48.16,0.005439519,26.84166667,98.67333333,29,0.329,3,49,28,14,4
106,2018/8/7 4:00,31.32166667,0.005591974,27.105,98.57333333,28.5,0.3715,7.5,46.5,27.5,12.5,4.5
107,2018/8/7 5:00,12.40333333,0.005665446,27.16333333,97.76166667,28.5,0.3715,7.5,46.5,27.5,12.5,4.5
108,2018/8/7 6:00,0.705,0.005684795,30.165,85.66666667,28.5,0.3715,7.5,46.5,27.5,12.5,4.5
109,2018/8/7 7:00,0.165,0.005685932,34.36166667,69.59166667,28,0.414,12,44,27,11,5
110,2018/8/7 8:00,0.056666667,0.005686284,36.89333333,60.64,29,0.363,10,48,28,10,6
111,2018/8/7 9:00,0.07,0.005686443,36.04833333,62.42833333,29,0.388,9,53,28,11,5
112,2018/8/7 10:00,0.1,0.005686785,35.21333333,65.52,32,0.356,11,56,31,11,5
113,2018/8/7 11:00,0.098333333,0.00568714,36.52166667,62.12,33,0.371,11,61,32,10,6
114,2018/8/7 12:00,0.1,0.005687499,35.905,63.945,33,0.386,12,67,32,11,6
115,2018/8/7 13:00,0.105,0.00568786,34.67833333,67.72666667,33,0.378,10,66,32,12,5
116,2018/8/7 14:00,0.123333333,0.005688304,34.07333333,69.95666667,29,0.9,9,63,28,14,5
117,2018/8/7 15:00,0.131666667,0.005688737,33.19833333,72.425,30,0.333,10,60,28,13,5
118,2018/8/7 16:00,0.113333333,0.005689159,31.96666667,75.925,44,0.356,9,56,43,18,5
119,2018/8/7 17:00,0.171666667,0.005689684,30.89166667,79.08333333,32,0.356,9,49,31,15,5
120,2018/8/7 18:00,1.048333333,0.005691285,28.545,89.09166667,32,0.367,12,47,31,11,4
121,2018/8/7 19:00,2.745,0.005698731,27.84833333,92.84833333,30,0.378,15,41,29,12,5
122,2018/8/7 20:00,3.74,0.005709993,27.55166667,94.26,32,0.367,15,37,31,13,5
123,2018/8/7 21:00,4.89,0.005726293,27.31,95.61166667,27,0.333,18,32,26,11,6
124,2018/8/7 22:00,6.321666667,0.005745746,27.18833333,96.77333333,27,0.362,16,32,26,12,7
125,2018/8/7 23:00,7.003333333,0.005770486,27.08333333,97.34333333,27,0.362,9,37,26,10,5
126,2018/8/8 0:00,10.28666667,0.0057986,26.79833333,98.24166667,26,0.325,8,39,25,10,5
127,2018/8/8 1:00,9.531666667,0.005838595,26.82,98.73,26,0.325,7,40,25,10,6
128,2018/8/8 2:00,7.795,0.00586711,26.84666667,98.66666667,22,0.325,4,42,21,10,5
129,2018/8/8 3:00,39.805,0.005910021,26.43833333,99.60333333,23,0.325,3,42,22,8,4
130,2018/8/8 4:00,281.075,0.006542673,26.405,100.55,24.5,0.3625,7.5,37,23.5,10,4.5
131,2018/8/8 5:00,307.3733333,0.007678971,26.755,99.69666667,24.5,0.3625,7.5,37,23.5,10,4.5
132,2018/8/8 6:00,30.825,0.008233643,32.21,77.17333333,24.5,0.3625,7.5,37,23.5,10,4.5
133,2018/8/8 7:00,0.806666667,0.008256896,35.98166667,63.57333333,26,0.4,12,32,25,12,5
134,2018/8/8 8:00,0.098333333,0.008257867,37.585,58.515,27,0.438,9,37,26,10,6
135,2018/8/8 9:00,0.1,0.008258223,37.54666667,58.87666667,27,0.425,8,47,26,9,6
136,2018/8/8 10:00,0.1,0.008258583,37.02666667,60.05,34,0.4,13,59,33,10,8
137,2018/8/8 11:00,0.133333333,0.008258981,36.07166667,62.685,38,0.456,12,71,37,17,8
138,2018/8/8 12:00,0.198333333,0.0082596,35.41833333,64.185,41,0.55,13,89,40,17,11
139,2018/8/8 13:00,0.2,0.00826032,34.36333333,68.365,44,0.5,11,99,43,21,8
140,2018/8/8 14:00,0.215,0.008261045,33.51333333,71.41,39,0.478,13,100,38,19,7
141,2018/8/8 15:00,0.3,0.008261997,33.23666667,72.315,43,0.822,13,99,42,22,6
142,2018/8/8 16:00,0.308333333,0.00826308,32.945,73.25166667,46,0.45,15,94,45,19,18
143,2018/8/8 17:00,0.361666667,0.008264306,31.47833333,77.27666667,45,0.45,16,89,40,18,7
144,2018/8/8 18:00,1.161666667,0.008266358,29.04,86.825,47,0.433,16,81,41,18,6
145,2018/8/8 19:00,11.25166667,0.008284619,28.05833333,92.10666667,47,0.467,20,75,37,16,6
146,2018/8/8 20:00,24.15,0.008353932,27.665,94.305,45,0.478,22,73,37,15,7
147,2018/8/8 21:00,38.68333333,0.008467466,27.23166667,96.11166667,43,0.544,23,68,36,20,26
148,2018/8/8 22:00,42.06,0.008616399,27.02166667,97.42833333,41,0.478,23,61,37,24,8
149,2018/8/8 23:00,31.145,0.008749157,26.985,97.52,40,0.422,19,59,39,17,8
150,2018/8/9 0:00,48.25,0.008881029,27.185,98.43333333,36,0.462,12,61,31,14,7
151,2018/8/9 1:00,35.97166667,0.009037147,26.98166667,99.37333333,32,0.475,14,57,31,14,7
152,2018/8/9 2:00,34.39333333,0.009168374,27.155,99.605,40,0.438,17,53,39,14,6
153,2018/8/9 3:00,35.745,0.009288321,27.005,100.115,37,0.463,19,44,36,14,6
154,2018/8/9 4:00,247.7766667,0.009642313,26.95,100.7766667,41.5,0.544,24,39,40.5,16,7
155,2018/8/9 5:00,482.7383333,0.011186128,27.175,100.75,41.5,0.544,24,39,40.5,16,7
156,2018/8/9 6:00,99.375,0.012233843,29.24833333,94.27333333,41.5,0.544,24,39,40.5,16,7
157,2018/8/9 7:00,9.36,0.012365734,31.8,83.91,46,0.625,29,34,45,18,8
158,2018/8/9 8:00,3.015,0.012383831,32.79666667,80.00166667,49,0.622,29,41,48,19,9
159,2018/8/9 9:00,0.303333333,0.012387819,35.625,69.91666667,53,0.733,26,55,54,17,11
160,2018/8/9 10:00,0.231666667,0.012388743,36.35333333,66.62833333,53,0.822,29,76,54,22,12
161,2018/8/9 11:00,0.136666667,0.012389366,36.63,64.15,59,0.911,24,124,66,27,10
162,2018/8/9 12:00,0.148333333,0.012389942,38.92333333,54.88333333,76,0.911,21,158.5,81,40,9.5
163,2018/8/9 13:00,0.201666667,0.012390477,36.82333333,61.24666667,93,0.911,18,193,96,53,9
164,2018/8/9 14:00,0.348333333,0.012391499,34.31833333,66.80833333,97,0.967,18,180,115,72,6
165,2018/8/9 15:00,0.398333333,0.012392879,32.98833333,71.51166667,83,0.856,18,143,110,61,6
166,2018/8/9 16:00,0.488333333,0.012394453,31.34666667,76.63166667,81,0.888,20,147,92,54,20
167,2018/8/9 17:00,0.988333333,0.012396833,30.25833333,81.32833333,91,0.743,20,143,95,40,5
168,2018/8/9 18:00,1.801666667,0.012401787,29.84833333,84.83833333,97,0.822,22,133,79,35,5
169,2018/8/9 19:00,2.593333333,0.012411095,29.45833333,83.57,96,0.744,24,121,68,40,5
170,2018/8/9 20:00,0.971666667,0.012416538,30.24166667,74.90333333,89,0.667,27,96,57,30,5
171,2018/8/9 21:00,0.621666667,0.012419536,30.125,69.21,78,0.644,27,89,53,18,5
172,2018/8/9 22:00,0.48,0.012421307,29.265,68.935,69,0.633,25,91,50,16,6
173,2018/8/9 23:00,0.49,0.012423096,28.36166667,70.99833333,63,0.644,25,90,49,18,7
174,2018/8/10 0:00,0.5,0.012424859,27.92833333,71.56166667,58,0.622,19,97,53,20,7
175,2018/8/10 1:00,0.555,0.01242671,27.54,73.88166667,52,0.622,19,92,51,21,6
176,2018/8/10 2:00,0.783333333,0.012429094,26.525,78.84333333,55,0.644,20,86,58,23,7
177,2018/8/10 3:00,1.186666667,0.012432582,25.38833333,84.54833333,57,0.644,22,78,61,26,6
178,2018/8/10 4:00,1.77,0.012438067,25.05333333,86.90666667,59,0.7,32,60.5,65.5,28,6.5
179,2018/8/10 5:00,1.161666667,0.01244364,25.875,83.82833333,59,0.7,32,60.5,65.5,28,6.5
180,2018/8/10 6:00,0.366666667,0.012446182,31.67,62.99,59,0.7,32,60.5,65.5,28,6.5
181,2018/8/10 7:00,0.2,0.012447078,34.17333333,54.98833333,61,0.756,42,43,70,30,7
182,2018/8/10 8:00,0.198333333,0.012447793,35.04,55.87666667,68,0.778,43,66,84,29,8
183,2018/8/10 9:00,0.2,0.012448512,36.59666667,50.82666667,70,0.789,40,102,88,32,8
184,2018/8/10 10:00,0.2,0.012449232,35.94166667,53.31166667,70,0.767,34,136,87,37,9
185,2018/8/10 11:00,0.198333333,0.012449947,35.345,52.15666667,65,0.7,27,153,78,32,11
186,2018/8/10 12:00,0.198333333,0.012450665,35.295,53.56166667,70,0.7,21,175,66,31,9
187,2018/8/10 13:00,0.198333333,0.012451376,34.05833333,57.60666667,63,0.622,18,169,66,27,8
188,2018/8/10 14:00,0.2,0.012452094,33.355,60.99333333,72,0.6,17,167,46,21,8
189,2018/8/10 15:00,0.2,0.012452814,32.92,62.12833333,84,0.611,19,154,41,18,6
190,2018/8/10 16:00,0.2,0.012453534,34.28166667,58.215,93,0.6,21,149,40,15,6
191,2018/8/10 17:00,0.2,0.012454254,31.74333333,65.98666667,96,0.6,21,139,37,13,6
192,2018/8/10 18:00,0.323333333,0.012455116,28.225,78.715,96,0.622,26,124,35,15,6
193,2018/8/10 19:00,0.648333333,0.012456885,27.08,83.57333333,91,0.678,32,109,39,14,6
194,2018/8/10 20:00,0.886666667,0.012459552,26.9,83.98166667,83,0.633,31,100,39,15,6
195,2018/8/10 21:00,1.045,0.012463262,26.715,84.72,75,0.656,34,90,37,15,8
196,2018/8/10 22:00,1.001666667,0.012467014,27.17,82.675,66,0.638,38,76,45,17,6
197,2018/8/10 23:00,0.763333333,0.012470162,27.065,79.21666667,57,0.65,39,71,39,18,6
198,2018/8/11 0:00,0.738333333,0.012472801,27.48,78.995,49,0.7,46,55,42,17,6
199,2018/8/11 1:00,0.563333333,0.012475141,27.99666667,73.50833333,53,0.688,50,48,53,19,8
200,2018/8/11 2:00,0.755,0.012477406,26.86333333,80.03166667,56,0.663,54,41,59,21,7
201,2018/8/11 3:00,1.113333333,0.012480679,25.62666667,85.08166667,62,0.675,55,36,72,21,7
202,2018/8/11 4:00,1.655,0.012485618,25.255,86.88666667,66,0.7315,56.5,33,79.5,23,12.5
203,2018/8/11 5:00,1.291666667,0.012491569,26.265,83.98833333,66,0.7315,56.5,33,79.5,23,12.5
204,2018/8/11 6:00,0.421666667,0.012494304,29.47333333,71.29833333,66,0.7315,56.5,33,79.5,23,12.5
205,2018/8/11 7:00,0.205,0.012495336,35.56666667,52.375,70,0.788,58,30,87,25,18
206,2018/8/11 8:00,0.128333333,0.012495958,36.555,50.38666667,70,0.738,43,80,88,30,10
207,2018/8/11 9:00,0.1,0.012496335,35.89833333,52.8,61,0.587,22,110,70,26,7
208,2018/8/11 10:00,0.1,0.012496695,36.01666667,55.04333333,48,0.511,13,113,47,16,5
209,2018/8/11 11:00,0.1,0.012497055,35.42333333,57.345,38,0.467,12,119,35,14,5
210,2018/8/11 12:00,0.105,0.012497429,35.225,59.09333333,40,0.467,8,122,38,12,5
211,2018/8/11 13:00,0.111666667,0.01249781,34.4,62.83166667,46,0.467,7,124,29,11,5
212,2018/8/11 14:00,0.145,0.012498263,33.75833333,64.83833333,54,0.478,9,122,29,12,5
213,2018/8/11 15:00,0.191666667,0.012498879,32.11,69.44,63,0.456,9,124,29,10,5
214,2018/8/11 16:00,0.175,0.012499574,32.905,67.50666667,67,0.467,10,122,33,9,5
215,2018/8/11 17:00,0.168333333,0.012500088,31.12333333,73.91166667,68,0.5,14,115,31,10,5
216,2018/8/11 18:00,0.561666667,0.012501301,28.24666667,86.81833333,69,0.511,12,116,33,12,5
217,2018/8/11 19:00,2.243333333,0.01250567,27.585,91.37333333,67,0.589,18,108,34,11,5
218,2018/8/11 20:00,5.695,0.01251996,27.50666667,92.54833333,65,0.6,22,95,34,14,5
219,2018/8/11 21:00,11.85833333,0.012550028,26.88166667,94.40166667,61,0.589,19,94,35,14,6
220,2018/8/11 22:00,24.67833333,0.012616636,26.725,94.85166667,58,0.544,17,91,30,14,5
221,2018/8/11 23:00,24.32,0.012707883,26.31666667,96.52666667,56,0.522,16,94,30,12,5
222,2018/8/12 0:00,28.90333333,0.012805883,26.07833333,97.47166667,52,0.511,9,95,28,12,5
223,2018/8/12 1:00,17.57,0.012889815,25.96666667,95.335,46,0.511,9,91,28,11,5
224,2018/8/12 2:00,10.25,0.012937267,26.05833333,93.46833333,44,0.489,10,83,30,11,5
225,2018/8/12 3:00,6.413333333,0.012966833,26.06166667,92.87,43,0.478,7,83,27,11,5
226,2018/8/12 4:00,6.498333333,0.0129892,25.55,94.42,41.5,0.528,15.5,75.5,32,13.5,5.5
227,2018/8/12 5:00,2.993333333,0.013007959,26.57333333,90.59666667,41.5,0.528,15.5,75.5,32,13.5,5.5
228,2018/8/12 6:00,0.718333333,0.013013198,30.87333333,74.175,41.5,0.528,15.5,75.5,32,13.5,5.5
229,2018/8/12 7:00,0.248333333,0.013014696,33.64666667,64.18,40,0.578,24,68,37,16,6
230,2018/8/12 8:00,0.2,0.013015452,35.89166667,58.085,44,0.55,15,88,39,17,7
231,2018/8/12 9:00,0.2,0.013016172,35.08833333,60.82666667,41,0.489,8,94,40,14,5
232,2018/8/12 10:00,0.2,0.013016892,35.43166667,61.95166667,41,0.5,8,92,35,15,5
233,2018/8/12 11:00,0.2,0.013017612,34.83166667,65.03,42,0.478,7,92,39,14,5
234,2018/8/12 12:00,0.2,0.013018332,35.405,63.32333333,42,0.456,7,89,32,15,5
235,2018/8/12 13:00,0.2,0.013019052,34.81,65.71666667,43,0.444,7,86,34,14,5
236,2018/8/12 14:00,0.2,0.013019772,34.01666667,68.43333333,44,0.422,4,89,29,11,4
237,2018/8/12 15:00,0.2,0.013020492,32.16166667,73.28,45,0.433,5,81,26,10,5
238,2018/8/12 16:00,0.2,0.013021212,31.97,73.34666667,44,0.4,6,74,37,14,4
239,2018/8/12 17:00,0.198333333,0.013021931,29.99833333,80.93666667,43,0.411,8,72,38,13,4
240,2018/8/12 18:00,0.401666667,0.013022871,28.46333333,88.49666667,41,0.422,10,67,31,11,4
241,2018/8/12 19:00,1.048333333,0.013025348,27.84333333,90.83833333,40,0.433,9,67,35,13,4
242,2018/8/12 20:00,1.511666667,0.013030312,27.73166667,91.545,38,0.422,10,65,35,16,4
243,2018/8/12 21:00,1.956666667,0.013035795,27.36333333,93.28333333,40,0.411,10,67,39,16,4
244,2018/8/12 22:00,2.206666667,0.013044013,27.64666667,93.405,38,0.4,7,63,37,20,5
245,2018/8/12 23:00,2.14,0.013051875,27.42166667,94.03333333,37,0.356,4,50,36,18,4
246,2018/8/13 0:00,2.125,0.013059844,26.98,94.41,31,0.322,4,40,28,11,4
247,2018/8/13 1:00,2.158333333,0.013066889,26.62333333,94.14166667,24,0.311,2,39,23,9,4
253,2018/8/13 7:00,51.46610169,0.072245064,28.87966102,93.68474576,37,0.311,6,28,36,9,4
254,2018/8/13 8:00,15.12166667,0.072338469,30.725,85.05166667,41,0.311,6,27,40,11,4
255,2018/8/13 9:00,13.42833333,0.072393209,31.85,82.14166667,38,0.333,5,30,37,10,4
256,2018/8/13 10:00,3.851666667,0.072421572,33.295,75.04,38,0.3,6,34,37,9,4
257,2018/8/13 11:00,1.72,0.072429054,33.06666667,71.28,40,0.325,4,40,39,9,4
258,2018/8/13 12:00,5.876666667,0.07244262,31.38666667,77.17833333,37,0.322,5,41,36,7,5
259,2018/8/13 13:00,7.39,0.072460868,30.91,79.68666667,39,0.3,3,38,38,7,5
261,2018/8/13 15:00,11.21186441,0.072535845,29.46779661,87.96271186,36,0.311,3,37,35,8,5
262,2018/8/13 16:00,13.45833333,0.072575652,29.24333333,85.93,37,0.311,4,34,36,7,5
263,2018/8/13 17:00,26.86833333,0.072649343,28.71,87.79333333,46,0.3,5,30,45,7,4
264,2018/8/13 18:00,66.73666667,0.07279029,27.945,91.87,47,0.313,5,24,46,7,4
265,2018/8/13 19:00,107.45,0.073147057,27.415,96.27666667,48,0.311,6,24,47,8,5
266,2018/8/13 20:00,135.6233333,0.073558798,27.54833333,95.67166667,47,0.311,5,24,46,8,4
267,2018/8/13 21:00,109.5416667,0.074030844,28.02333333,94.03166667,43,0.3,4,24,42,8,4
268,2018/8/13 22:00,125.1483333,0.07442188,28.01,93.44,41,0.278,4,22,40,9,4
269,2018/8/13 23:00,137.5816667,0.074908351,27.77833333,94.54666667,40,0.267,3,26,39,8,4
272,2018/8/14 2:00,201.6916667,0.076416768,28.12916667,91.96666667,37,0.233,2,26,36,6,3
273,2018/8/14 3:00,254.2583333,0.07717086,28.11666667,91.81166667,39,0.233,2,24,38,7,4
274,2018/8/14 4:00,328.155,0.078232584,27.92833333,92.46833333,41.5,0.2555,2.5,20,40.5,8,3.5
275,2018/8/14 5:00,294.2416667,0.079372533,27.94833333,92.44166667,41.5,0.2555,2.5,20,40.5,8,3.5
276,2018/8/14 6:00,195.385,0.080264082,28.28833333,90.99333333,41.5,0.2555,2.5,20,40.5,8,3.5
277,2018/8/14 7:00,123.5366667,0.080795879,28.78333333,89.01166667,44,0.278,3,16,43,9,3
278,2018/8/14 8:00,72.49666667,0.081191991,29.90166667,84.69666667,46,0.289,3,16,45,10,4
279,2018/8/14 9:00,49.79333333,0.081381316,30.50833333,81.835,47,0.3,3,18,46,10,4
280,2018/8/14 10:00,41.48166667,0.081539131,30.43333333,81.95166667,48,0.311,4,20,47,10,4
281,2018/8/14 11:00,14.78,0.08164812,31.57666667,77.275,50,0.289,4,26,49,10,4
282,2018/8/14 12:00,4.971666667,0.081669934,31.29666667,77.65333333,51,0.4,3,30,50,10,4
283,2018/8/14 13:00,2.205,0.081687579,30.78,79.72,46,0.278,3,35,45,11,8
284,2018/8/14 14:00,2.836666667,0.081698518,30.3,81.975,40,0.275,5,35,39,12,9
285,2018/8/14 15:00,1.436666667,0.081702718,30.00333333,83.84833333,37,0.289,3,34,36,11,4
286,2018/8/14 16:00,23.52,0.081729271,30.08833333,82.94333333,47,0.3,4,35,46,11,4
287,2018/8/14 17:00,161.665,0.082021242,28.875,87.40666667,42,0.7,3,35,41,10,4
288,2018/8/14 18:00,471.5966667,0.083155538,27.92666667,90.74333333,49,0.438,6,34,48,10,6
289,2018/8/14 19:00,484.8316667,0.084960817,27.68333333,91.84333333,47,0.589,5,35,46,10,4
290,2018/8/14 20:00,454.445,0.086640028,27.62,92.62,44,0.311,4,37,43,10,3
291,2018/8/14 21:00,460.0983333,0.088311521,27.50833333,93.25833333,41,0.3,3,39,40,11,4
292,2018/8/14 22:00,410.215,0.089873076,27.605,92.94,44,0.233,2,39,43,11,4
293,2018/8/14 23:00,402.9016667,0.091304151,27.66166667,92.60833333,40,0.233,2,34,39,10,4
294,2018/8/15 0:00,434.95,0.092827719,27.60666667,92.75166667,36,0.244,2,32,35,11,4
295,2018/8/15 1:00,491.22,0.094467042,27.53666667,93.39166667,36,0.244,2,30,35,11,4
296,2018/8/15 2:00,676.1983333,0.096540126,27.43666667,94.78666667,36,0.244,2,28,35,9,4
297,2018/8/15 3:00,1328.001667,0.099896327,26.98333333,98.38333333,34,0.244,2,27,33,8,4
298,2018/8/15 4:00,1355.666667,0.10502111,26.80166667,100.1633333,33.5,0.272,4.5,22,32.5,8,4
299,2018/8/15 5:00,1514.666667,0.11019263,26.83833333,100.365,33.5,0.272,4.5,22,32.5,8,4
300,2018/8/15 6:00,1041.335,0.114966483,27.205,99.72666667,33.5,0.272,4.5,22,32.5,8,4
301,2018/8/15 7:00,563.06,0.117904639,28.29833333,96.55666667,33,0.3,7,17,32,8,4
302,2018/8/15 8:00,227.4983333,0.119155001,29.87,90.42333333,37,0.333,8,15,36,8,4
303,2018/8/15 9:00,78.39666667,0.119690577,33.005,76.16666667,36,0.356,8,16,35,11,5
309,2018/8/15 15:00,92.45423729,0.281702318,28.5,96.36949153,36,0.511,18,93,35,15,8
310,2018/8/15 16:00,82.97166667,0.282037199,29.865,89.79333333,45,0.622,15,104,44,17,6
311,2018/8/15 17:00,30.36333333,0.282201061,29.71166667,68.72666667,43,0.567,16,77,42,16,8
312,2018/8/15 18:00,233.8583333,0.282534538,26.96666667,88.18833333,37,0.444,20,63,36,9,5
313,2018/8/15 19:00,219.61,0.283594109,26.48666667,89.66166667,38,0.478,18,57,37,8,24
314,2018/8/15 20:00,348.9483333,0.284552616,26.48,94.94333333,36,0.425,20,54,35,10,5
315,2018/8/15 21:00,342.305,0.285759518,26.37166667,95.465,35,0.486,19,57,30,9,5
316,2018/8/15 22:00,383.8466667,0.287148796,25.89333333,95.97833333,39,0.478,19,68,38,16,5
317,2018/8/15 23:00,242.7583333,0.288257244,26.245,93.02333333,35,0.544,16,73,33,14,4
318,2018/8/16 0:00,215.085,0.289012275,26.19,92.98833333,34,0.511,9,80,33,13,4
319,2018/8/16 1:00,215.475,0.289814471,26.23833333,92.99666667,42,0.522,8,82,28,14,4
320,2018/8/16 2:00,183.68,0.290573183,26.13333333,91.45,43,0.488,6,82,33,10,3
321,2018/8/16 3:00,142.5616667,0.291101917,26.47833333,89.00333333,40,0.475,8,68,28,11,3
322,2018/8/16 4:00,288.9216667,0.291869466,26.56333333,94.115,39,0.481,17.5,45,32.5,13.5,5
323,2018/8/16 5:00,185.8416667,0.292780924,26.89333333,91.515,39,0.481,17.5,45,32.5,13.5,5
324,2018/8/16 6:00,58.25833333,0.293208577,30.34666667,75.78666667,39,0.481,17.5,45,32.5,13.5,5
325,2018/8/16 7:00,13.76666667,0.293317871,35.21,58.48166667,38,0.487,27,22,37,16,7
326,2018/8/16 8:00,0.018333333,0.293334401,37.03833333,53.98333333,49,0.425,22,23,48,17,12
327,2018/8/16 9:00,0,0.293334402,36.69508197,55.86229508,46,0.425,14,37,45,13,9
328,2018/8/16 10:00,0,0.293334402,34.42333333,63.49833333,46,0.45,13,53,45,15,8
329,2018/8/16 11:00,0.003333333,0.293334405,34.42166667,62.805,50,0.45,11,68,49,14,7
330,2018/8/16 12:00,0.086666667,0.293334439,34.94833333,60.98833333,50,0.425,9,80,49,17,6
331,2018/8/16 13:00,1.72,0.293337141,34.46,62.01,43,0.425,6,85,42,14,22
332,2018/8/16 14:00,7.806666667,0.293353853,33.04333333,66.75666667,44,0.575,7,83,43,13,4
333,2018/8/16 15:00,20.02166667,0.293401127,31.81666667,73.35,37,0.378,7,82,36,13,21
334,2018/8/16 16:00,27.37833333,0.29348702,31.93333333,72.365,38,0.422,9,80,37,10,4
335,2018/8/16 17:00,31.15666667,0.293603258,30.73,74.63833333,43,0.433,11,77,42,8,4
336,2018/8/16 18:00,33.46833333,0.293699101,29.91333333,76.12,51,0.467,15,71,50,11,5
337,2018/8/16 19:00,42.19833333,0.293853916,29.74666667,75.35166667,51,0.467,18,65,50,14,7
338,2018/8/16 20:00,66.97666667,0.29403095,28.66666667,81.52833333,46,0.478,24,54,45,15,8
339,2018/8/16 21:00,92.84666667,0.294334357,28.20333333,84.125,48,0.4945,24.5,51,47,14.5,8
340,2018/8/16 22:00,90.67833333,0.294647826,28.08333333,84.54,50,0.511,25,48,49,14,8
341,2018/8/16 23:00,153.0883333,0.295098232,27.65,88.87333333,53,0.489,24,50,54,18,7
342,2018/8/17 0:00,150.84,0.295659295,27.57833333,89.4,52,0.478,23,49,52,17,8
343,2018/8/17 1:00,129.3066667,0.296161956,27.61166667,89,56,0.467,15,57,59,19,9
344,2018/8/17 2:00,124.9,0.296629968,27.59333333,88.22,53,0.467,12,55,54,20,5
348,2018/8/17 6:00,97.14827586,0.347884619,27.29310345,89.70344828,43,0.4945,21,38,42,17.5,5.5
360,2018/8/17 18:00,1648.275862,0.410069495,27.28965517,89.2862069,47,0.411,7,70,46,8,4
361,2018/8/17 19:00,1908.833333,0.415001994,27.18,90.875,48,0.4,7,66,47,10,4
362,2018/8/17 20:00,1628.666667,0.420508507,27.14444444,91.20222222,51,0.4,8,65,50,8,4
365,2018/8/17 23:00,1507.457627,0.439972193,27.13389831,90.26271186,51,0.389,4,74,50,10,4
366,2018/8/18 0:00,1341,0.443932934,27.14,89.86333333,48,0.378,3,75,47,9,4
368,2018/8/18 2:00,1092.059322,0.453749858,27.21016949,86.71525424,48,0.322,2,76,47,8,4
369,2018/8/18 3:00,1149.58,0.457690328,27.21333333,87.67666667,43,0.322,2,73,42,8,4
370,2018/8/18 4:00,1368,0.462282792,27.125,89.27666667,45.5,0.333,3.5,68.5,44.5,9,4
371,2018/8/18 5:00,1034.46,0.466749038,27.16333333,88.68,45.5,0.333,3.5,68.5,44.5,9,4
372,2018/8/18 6:00,452.1866667,0.469472587,27.34333333,87.82166667,45.5,0.333,3.5,68.5,44.5,9,4
373,2018/8/18 7:00,185.875,0.47041179,27.96666667,85.34,48,0.344,5,64,47,10,4
374,2018/8/18 8:00,132.5779661,0.471076854,29.08305085,81.27627119,46,0.367,7,59,45,8,4
375,2018/8/18 9:00,102.915,0.471296777,29.395,80.3,48,0.367,6,57,47,9,4
424,2018/8/20 10:00,551.979661,4.412075482,26.32542373,98.10508475,31,0.567,19,39,30,12,6
425,2018/8/20 11:00,207.1366667,4.413472245,28.58333333,80.11166667,25,0.489,16,46,19,9,7
426,2018/8/20 12:00,126.8283333,4.413987017,29.65333333,69.94666667,28,0.433,9,65,17,6,5
427,2018/8/20 13:00,84.48,4.41439368,30.49833333,66.54666667,29,0.411,8,73,25,7,5
428,2018/8/20 14:00,73.29666667,4.414652747,30.27333333,68.195,30,0.367,7,77,29,9,5
429,2018/8/20 15:00,86.975,4.414937613,29.88666667,68.825,37,0.411,8,74,36,11,4
430,2018/8/20 16:00,365.865,4.415753616,29.78166667,65.82833333,32,0.356,8,80,29,7,4
431,2018/8/20 17:00,340.245,4.417029035,27.99666667,68.39833333,35,0.333,10,93,25,6,4
432,2018/8/20 18:00,544.1916667,4.418544056,26.215,74.54,38,0.367,13,81,29,6,3
433,2018/8/20 19:00,681.045,4.420864554,25.435,77.08166667,39,0.344,15,62,30,7,4
434,2018/8/20 20:00,797.1633333,4.423428991,24.98666667,78.99,38,0.378,17,53,28,7,3
435,2018/8/20 21:00,987.93,4.426729017,24.57,80.415,36,0.378,18,45,26,7,4
436,2018/8/20 22:00,1337.5,4.430861514,23.715,83.97833333,34,0.356,22,35,25,5,4
437,2018/8/20 23:00,1323.718333,4.435506513,23.48666667,84.23166667,31,0.356,21,34,21,5,5
438,2018/8/21 0:00,2175.833333,4.44185224,22.615,89.43,28,0.389,20,35,24,6,4
439,2018/8/21 1:00,1728.166667,4.44925608,22.72,88.13166667,22,0.389,17,38,21,5,4
440,2018/8/21 2:00,932.5983333,4.453754797,23.44166667,83.66833333,20,0.389,17,39,18,4,4
441,2018/8/21 3:00,854.5266667,4.457185804,23.58833333,82.635,20,0.411,19,38,18,5,5
442,2018/8/21 4:00,843.2416667,4.459955912,23.61666667,83.05,29,0.5,24.5,51,27.5,8.5,9.5
443,2018/8/21 5:00,986.3583333,4.463555628,24.07333333,83.71333333,29,0.5,24.5,51,27.5,8.5,9.5
444,2018/8/21 6:00,373.1816667,4.465911908,27.29333333,73.54166667,29,0.5,24.5,51,27.5,8.5,9.5
445,2018/8/21 7:00,135.025,4.466774377,30.31833333,64.45833333,29,0.5,24.5,51,27.5,8.5,9.5
446,2018/8/21 8:00,39.33833333,4.467051693,32.25833333,59.43833333,29,0.5,24.5,51,27.5,8.5,9.5
447,2018/8/21 9:00,14.69,4.467135914,33.56166667,55.755,38,0.589,30,64,37,12,14
448,2018/8/21 10:00,5.781666667,4.467169818,35.14,53.80333333,44,0.789,31,93,43,15,17
449,2018/8/21 11:00,8.98,4.467193504,33.955,58.56333333,52,0.8,30,128,52,23,14
450,2018/8/21 12:00,22.25666667,4.467247824,31.98833333,62.135,55,0.8,26,150,57,27,14
451,2018/8/21 13:00,42.23,4.467362715,31.31,65.18,79,0.775,21,182,64,28,12
452,2018/8/21 14:00,90.47833333,4.46760494,30.43166667,69.10833333,62,0.644,13,168,60,29,9
453,2018/8/21 15:00,176.1066667,4.468046087,30.425,70.83833333,71,0.611,13,162,52,27,8
454,2018/8/21 16:00,306.295,4.46895177,30.925,69.44333333,83,0.612,14,158,47,22,8
455,2018/8/21 17:00,622.4864407,4.470423766,28.5220339,76.12542373,91,0.644,20,141,45,28,8
456,2018/8/21 18:00,1497.936667,4.474147776,26.01666667,86.38166667,96,0.689,25,132,46,24,7
457,2018/8/21 19:00,2293.5,4.481652252,25.62,88.98,94,0.733,29,114,46,25,7
458,2018/8/21 20:00,2175.166667,4.488980192,25.43166667,90.11833333,88,0.756,32,95,44,19,8
459,2018/8/21 21:00,2572.5,4.497962602,25.1,91.99833333,79,0.744,27,93,50,22,7
460,2018/8/21 22:00,1905.333333,4.506065452,25.48333333,90.985,71,0.733,25,88,45,23,8
461,2018/8/21 23:00,1617,4.512294372,25.98166667,90.41166667,62,0.711,24,82,46,22,7
462,2018/8/22 0:00,1817.166667,4.518463542,25.83666667,91.54833333,55,0.678,17,87,48,22,7
463,2018/8/22 1:00,1764,4.524569682,25.67666667,91.83166667,48,0.678,13,87,47,20,6
464,2018/8/22 2:00,2280,4.532517752,25.44166667,92.48,46,0.667,13,80,45,22,5
465,2018/8/22 3:00,1546.166667,4.538908422,25.76333333,90.805,44,0.667,15,74,43,23,5
466,2018/8/22 4:00,1664.333333,4.544887112,25.73666667,91.76666667,52,0.7555,28,53.5,55.5,29.5,6
467,2018/8/22 5:00,1571,4.550334652,25.26,92.03333333,52,0.7555,28,53.5,55.5,29.5,6
468,2018/8/22 6:00,781.8733333,4.555131888,27.49666667,83.855,52,0.7555,28,53.5,55.5,29.5,6
469,2018/8/22 7:00,217.345,4.55676995,31.48833333,67.8,60,0.844,41,33,68,36,7
470,2018/8/22 8:00,33.59666667,4.557118373,33.89166667,60.03666667,65,0.833,39,52,78,37,7
471,2018/8/22 9:00,9.471666667,4.557181583,34.51833333,55.56166667,61,0.811,26,86,70,34,7
472,2018/8/22 10:00,6.372131148,4.55720799,35.3557377,53.9442623,60,0.711,19,110,68,30,7
473,2018/8/22 11:00,19.52333333,4.557247368,32.23166667,57.41333333,52.5,0.7,15,120.5,56,25,25.5
474,2018/8/22 12:00,37.91,4.557356581,30.81,58.595,52.5,0.7,15,120.5,56,25,25.5
475,2018/8/22 13:00,43.13,4.557504052,30.66333333,60.11,45,0.689,11,131,44,20,44
476,2018/8/22 14:00,51.44166667,4.557666026,30.525,60.35666667,52,0.475,11,128,52,12,4
477,2018/8/22 15:00,100.615,4.557937319,30.31166667,65.1,61,0.444,12,126,40,11,5
478,2018/8/22 16:00,165.445,4.558390512,30.34666667,66.68333333,70,0.478,15,129,39,11,4
479,2018/8/22 17:00,370.6666667,4.559364444,28.20833333,73.98333333,75,0.513,13,133,38,14,5
480,2018/8/22 18:00,391.2833333,4.560812586,27.83166667,74.14333333,76,0.533,17,125,45,16,6
481,2018/8/22 19:00,171.435,4.561852948,27.71,61.88166667,75,0.513,23,117,46,15,5
482,2018/8/22 20:00,63.25,4.562210517,27.12833333,53.98333333,71,0.513,21,100,48,16,5
483,2018/8/22 21:00,42.32666667,4.562394353,26.83833333,48.93333333,66,0.533,22,90,43,12,4
484,2018/8/22 22:00,34.16833333,4.562528919,26.34833333,47.38166667,61,0.567,25,73,42,10,6
485,2018/8/22 23:00,39.925,4.56265607,25.28833333,53.48833333,56,0.589,24,72,39,15,6
486,2018/8/23 0:00,70.205,4.562850023,24.26333333,59.49333333,50,0.6,22,78,43,12,6
487,2018/8/23 1:00,99.56666667,4.563149125,24.11333333,61.535,47,0.622,21,83,46,13,6
488,2018/8/23 2:00,130.4016667,4.56359056,24.60666667,64.015,49,0.611,20,87,48,14,6
489,2018/8/23 3:00,170.9066667,4.564111347,24.39,66.295,48,0.611,20,83,47,17,7
490,2018/8/23 4:00,253.9583333,4.564813969,24.04833333,69.38666667,54,0.7555,24.5,75,57.5,21,8.5
491,2018/8/23 5:00,328.6116667,4.56598942,24.13333333,72.05333333,54,0.7555,24.5,75,57.5,21,8.5
492,2018/8/23 6:00,121.4533333,4.566779269,27.49833333,62.32666667,54,0.7555,24.5,75,57.5,21,8.5
493,2018/8/23 7:00,38.995,4.567045194,30.41833333,54.16833333,54,0.7555,24.5,75,57.5,21,8.5
494,2018/8/23 8:00,3.571666667,4.567114504,28.9,57.32666667,54,0.7555,24.5,75,57.5,21,8.5
495,2018/8/23 9:00,0.26,4.567115676,30.33,53.01166667,60,0.9,29,67,68,25,10
496,2018/8/23 10:00,6.406666667,4.567126835,31.92833333,44.85666667,61,0.967,26,87,69,26,11
497,2018/8/23 11:00,9.611666667,4.567155815,31.90166667,44.475,63,0.9,22,100,73,23,11.5
498,2018/8/23 12:00,13.68666667,4.567198054,31.25833333,47.445,65,0.833,18,113,77,20,12
499,2018/8/23 13:00,17.37,4.56725441,31.77333333,47.855,61,0.733,16,131,69,17,8
500,2018/8/23 14:00,21.75,4.567324677,31.31,46.75833333,58,0.578,14,121,64,18,7
501,2018/8/23 15:00,19.83833333,4.567399977,31.145,42.41,53,0.522,14,121,54,11,6
502,2018/8/23 16:00,21.80666667,4.56747375,31.78333333,42.23333333,59,0.633,15,124,53,13,11
503,2018/8/23 17:00,30.05666667,4.567565093,29.645,52.28,64,0.489,17,118,50,11,6
504,2018/8/23 18:00,145.7016667,4.567822701,27.70166667,63.08333333,67,0.522,20,118,49,12,6
505,2018/8/23 19:00,342.9633333,4.568736902,26.57666667,71.13666667,69,0.6,23,123,52,15,6
506,2018/8/23 20:00,431.7166667,4.570164176,25.82333333,73.845,71,0.711,26,125,65,22,6
507,2018/8/23 21:00,455.5633333,4.571770815,25.47,74.79,68,0.744,26,109,65,30,6
508,2018/8/23 22:00,602.9683333,4.573587174,24.755,78.02,66,0.744,22,102,61,30,6
509,2018/8/23 23:00,981.4566667,4.576434037,24.015,82.47333333,64,0.733,21,101,61,27,6
510,2018/8/24 0:00,1314.166667,4.580573344,23.475,85.87,61,0.733,16,94,57,25,6
511,2018/8/24 1:00,1545.333333,4.585828024,23.205,87.80333333,53,0.722,15,87,53,26,5
512,2018/8/24 2:00,1676.833333,4.591536524,23.11666667,88.74,53,0.722,15,85,54,23,7
513,2018/8/24 3:00,2063.666667,4.598293464,22.77333333,90.265,53,0.733,16,80,53,24,8
514,2018/8/24 4:00,2052.5,4.605832254,22.60833333,90.56833333,54,0.822,19.5,71,55,27,7.5
515,2018/8/24 5:00,2203,4.613687624,22.87833333,91.39833333,54,0.822,19.5,71,55,27,7.5
516,2018/8/24 6:00,1013.65,4.619641742,24.75166667,85.07666667,54,0.822,19.5,71,55,27,7.5
517,2018/8/24 7:00,243.7816667,4.621557213,28.26333333,69.59,55,0.911,23,62,57,30,7
518,2018/8/24 8:00,43.76833333,4.621970726,28.88166667,63.68,57,0.989,22,58,62,31,7
519,2018/8/24 9:00,28.46833333,4.622107473,29.67166667,58.61333333,60,0.8,18,74,67,25,7
520,2018/8/24 10:00,8.573333333,4.622163895,31.67,51.13333333,59,0.578,16,90,65,24,6
521,2018/8/24 11:00,7.044067797,4.622190215,31.95423729,46.8,55,0.489,13,99,57,19,6
522,2018/8/24 12:00,5.881666667,4.622212562,32.38833333,44.51166667,54,0.444,12,108,55,14,6
523,2018/8/24 13:00,11.46166667,4.622241781,32.1,45.47,48,0.467,12,116,47,11,6
524,2018/8/24 14:00,26.27333333,4.622305352,31.70666667,47.12666667,47,0.7,12,140,45,9,10
525,2018/8/24 15:00,38.48666667,4.622427494,31.255,46.36666667,56,0.778,14,146,60,21,10
526,2018/8/24 16:00,54.01833333,4.622593657,31.43166667,46.80666667,51,0.6555,26,103,52.5,19,8.5
527,2018/8/24 17:00,65.17333333,4.622804139,29.10666667,52.70333333,51,0.6555,26,103,52.5,19,8.5
528,2018/8/24 18:00,118.215,4.623120002,27.42333333,58.605,51,0.6555,26,103,52.5,19,8.5
529,2018/8/24 19:00,112.2983333,4.623567544,26.76666667,59.20833333,51,0.6555,26,103,52.5,19,8.5
530,2018/8/24 20:00,159.2583333,4.624035114,26.15166667,65.00833333,51,0.6555,26,103,52.5,19,8.5
531,2018/8/24 21:00,179.7483333,4.624644278,25.21,68.49666667,51,0.6555,26,103,52.5,19,8.5
532,2018/8/24 22:00,198.87,4.625337692,24.525,70.59833333,51,0.6555,26,103,52.5,19,8.5
533,2018/8/24 23:00,279.4016667,4.626198059,23.325,73.64666667,51,0.6555,26,103,52.5,19,8.5
534,2018/8/25 0:00,348.65,4.627268423,22.745,75.6,51,0.6555,26,103,52.5,19,8.5
535,2018/8/25 1:00,631.3366667,4.629042063,21.85333333,81.45666667,51,0.6555,26,103,52.5,19,8.5
536,2018/8/25 2:00,729.68,4.631554446,21.55,82.92166667,51,0.6555,26,103,52.5,19,8.5
537,2018/8/25 3:00,717.3633333,4.634175214,21.51333333,83.39333333,51,0.6555,26,103,52.5,19,8.5
538,2018/8/25 4:00,759.485,4.636809452,21.34,84.45333333,51,0.6555,26,103,52.5,19,8.5
539,2018/8/25 5:00,715.915,4.639671285,22.19,82.19666667,51,0.6555,26,103,52.5,19,8.5
540,2018/8/25 6:00,177.07,4.641173378,29.47666667,57.875,51,0.6555,26,103,52.5,19,8.5
541,2018/8/25 7:00,12.36333333,4.641414744,33.50166667,46.21,46,0.533,38,60,45,17,7
542,2018/8/25 8:00,6.296666667,4.641440213,34.24,46.63,52,0.489,37,76,52,17,8
543,2018/8/25 9:00,11.61166667,4.641471568,33.50666667,50.20666667,53,0.411,16,110,54,15,6
544,2018/8/25 10:00,18.04833333,4.64152524,32.34333333,54.45333333,41,0.4,12,121,40,11,5
545,2018/8/25 11:00,21.985,4.64159953,31.17666667,58.18,41,0.4,10,123,36,8,5
546,2018/8/25 12:00,24.55666667,4.641681964,30.72333333,58.74333333,46,0.411,9,121,37,9,4
547,2018/8/25 13:00,32.93166667,4.641783158,30.19333333,58.015,50,0.411,8,122,33,8,4
548,2018/8/25 14:00,42.44666667,4.641918797,29.785,58.29833333,57,0.4,7,127,30,8,5
549,2018/8/25 15:00,68.90666667,4.642114578,29.1,59.87166667,65,0.389,8,127,30,7,5
550,2018/8/25 16:00,127.3466667,4.642474724,29.815,58.28333333,70,0.389,10,125,32,7,5
551,2018/8/25 17:00,177.5233333,4.642986287,27.37166667,66.33833333,71,0.4,12,122,30,8,5
552,2018/8/25 18:00,264.565,4.643822685,25.89833333,72.56833333,71,0.411,13,117,32,8,5
553,2018/8/25 19:00,335.3366667,4.644897753,25.62666667,73.72,69,0.444,20,106,29,9,6
554,2018/8/25 20:00,323.06,4.646111061,25.63,73.35833333,66,0.456,22,98,33,12,6
555,2018/8/25 21:00,315.055,4.647229945,25.56833333,72.63666667,64,0.433,22,97,32,12,6
556,2018/8/25 22:00,404.7666667,4.648474083,25.51333333,75.30666667,60,0.411,21,94,30,9,6
557,2018/8/25 23:00,560.9416667,4.650261564,25.385,78.865,49,0.422,17,97,27,9,6
558,2018/8/26 0:00,656.985,4.652449485,25.11333333,80.98166667,57,0.422,12,107,27,9,6
559,2018/8/26 1:00,677.7116667,4.654880712,24.97166667,81.78166667,56,0.478,13,105,28,10,6
560,2018/8/26 2:00,710.3583333,4.657304344,24.95666667,82.26166667,51,0.511,12,100,35,10,6
561,2018/8/26 3:00,922.895,4.660298959,24.535,84.535,43,0.489,15,84,34,11,5
562,2018/8/26 4:00,872.39,4.663607964,24.32166667,83.97166667,43,0.4725,25.5,67,38,11,6
563,2018/8/26 5:00,659.7133333,4.66641127,24.925,79.95666667,43,0.4725,25.5,67,38,11,6
564,2018/8/26 6:00,248.1483333,4.66805154,29.74833333,60.71833333,43,0.4725,25.5,67,38,11,6
565,2018/8/26 7:00,22.58833333,4.668422891,33.67666667,46.97833333,43,0.4725,25.5,67,38,11,6
566,2018/8/26 8:00,8.09,4.668466484,34.99166667,43.94,43,0.4725,25.5,67,38,11,6
567,2018/8/26 9:00,22.44833333,4.668512393,32.31333333,52.575,43,0.4725,25.5,67,38,11,6
568,2018/8/26 10:00,34.33,4.66862352,31.25166667,56.18333333,43,0.4725,25.5,67,38,11,6
569,2018/8/26 11:00,41.345,4.668758586,29.86333333,62.36166667,43,0.4725,25.5,67,38,11,6
570,2018/8/26 12:00,44.10166667,4.668917493,29.28666667,64.13,43,0.4725,25.5,67,38,11,6
571,2018/8/26 13:00,41.595,4.669066364,28.97833333,62.53166667,43,0.4725,25.5,67,38,11,6
572,2018/8/26 14:00,35.04833333,4.669209287,28.85666667,60.59833333,43,0.4725,25.5,67,38,11,6
573,2018/8/26 15:00,61.14333333,4.669353285,28.25166667,63.57666667,43,0.4725,25.5,67,38,11,6
574,2018/8/26 16:00,225.4,4.669846255,28.38333333,69.91166667,43,0.4725,25.5,67,38,11,6
575,2018/8/26 17:00,306.255,4.670831718,26.445,74.52666667,43,0.4725,25.5,67,38,11,6
576,2018/8/26 18:00,318.975,4.671989017,25.69333333,75.82333333,43,0.4725,25.5,67,38,11,6
577,2018/8/26 19:00,285.92,4.673120894,25.50666667,75.00166667,43,0.4725,25.5,67,38,11,6
578,2018/8/26 20:00,323.3833333,4.674140865,25.47333333,76.16,43,0.4725,25.5,67,38,11,6
579,2018/8/26 21:00,411.47,4.675481472,25.36833333,77.30833333,43,0.4725,25.5,67,38,11,6
580,2018/8/26 22:00,314.785,4.676850072,25.40166667,74.44833333,43,0.4725,25.5,67,38,11,6
581,2018/8/26 23:00,337.2883333,4.677973835,25.47166667,76.28333333,43,0.4725,25.5,67,38,11,6
582,2018/8/27 0:00,398.0066667,4.679328068,25.32833333,77.39833333,43,0.4725,25.5,67,38,11,6
583,2018/8/27 1:00,170.0716667,4.680336233,24.43666667,69.99333333,43,0.4725,25.5,67,38,11,6
584,2018/8/27 2:00,256.6383333,4.681010507,24.685,73.495,43,0.4725,25.5,67,38,11,6
585,2018/8/27 3:00,188.595,4.681932364,25.025,72.60166667,43,0.4725,25.5,67,38,11,6
586,2018/8/27 4:00,168.1666667,4.682517903,25.01333333,72.18833333,43,0.4725,25.5,67,38,11,6
587,2018/8/27 5:00,129.8233333,4.683085322,24.95833333,70.46666667,43,0.4725,25.5,67,38,11,6
588,2018/8/27 6:00,153.175,4.683541958,25.65166667,71.51,43,0.4725,25.5,67,38,11,6
589,2018/8/27 7:00,172.505,4.684261883,27.79333333,70.09,43,0.456,36,50,42,11,7
590,2018/8/27 8:00,26.08166667,4.684519074,27.22333333,73.26166667,47,0.411,23,77,46,13,6
591,2018/8/27 9:00,103.415,4.684709618,27.11833333,76.80833333,43,0.444,21,86,42,11,5
593,2018/8/27 11:00,158.3410256,4.706967122,26.80512821,85.42820513,42,0.444,11,108,41,10,5
594,2018/8/27 12:00,96.02307692,4.707206425,27.11538462,79.2,41,0.378,6,114,40,11,4
597,2018/8/27 15:00,238,4.768646632,25.4137931,95.90344828,51,0.4,7,99,32,10,3
598,2018/8/27 16:00,230.7883333,4.769230275,26.30166667,89.76166667,54,0.4,9,97,33,10,3
599,2018/8/27 17:00,342.705,4.770231515,26.075,88.4,55,0.422,9,98,36,9,4
600,2018/8/27 18:00,568.675,4.771896855,25.75833333,90.37333333,55,0.444,9,100,38,11,4
601,2018/8/27 19:00,825.4566667,4.774369337,25.66666667,91.96833333,53,0.456,11,93,39,12,4
602,2018/8/27 20:00,1139.376667,4.777954986,25.81,93.08666667,51,0.422,8,93,35,11,3
603,2018/8/27 21:00,1340,4.782051936,25.956,94.024,49,0.411,8,90,36,13,3
607,2018/8/28 1:00,2553.898305,4.829041888,26.28813559,99.5440678,33,0.367,4,64,29,8,4
608,2018/8/28 2:00,3032.5,4.839067404,26.49833333,99.67166667,30,0.356,4,54,26,9,4
609,2018/8/28 3:00,4612.166667,4.852725304,26.59666667,99.66333333,29,0.3,4,48,26,8,4
610,2018/8/28 4:00,4746.166667,4.869697634,26.6,99.50833333,34,0.3335,11,41.5,32,8.5,5
611,2018/8/28 5:00,4941.428571,4.879392101,26.6,99.34285714,34,0.3335,11,41.5,32,8.5,5
615,2018/8/28 9:00,123.8236842,4.987451714,34.21578947,78.58157895,34,0.3335,11,41.5,32,8.5,5
616,2018/8/28 10:00,55.70333333,4.987681098,37.00166667,62.63666667,34,0.3335,11,41.5,32,8.5,5
617,2018/8/28 11:00,40.66666667,4.987846323,36.66,61.76833333,34,0.3335,11,41.5,32,8.5,5
618,2018/8/28 12:00,41.95166667,4.987992457,36.165,62.64333333,34,0.3335,11,41.5,32,8.5,5
619,2018/8/28 13:00,44.98,4.988149898,33.51166667,71.54,34,0.3335,11,41.5,32,8.5,5
620,2018/8/28 14:00,69.405,4.988334508,32.65833333,74.77,34,0.3335,11,41.5,32,8.5,5
621,2018/8/28 15:00,125.365,4.988716726,32.05166667,77.23166667,34,0.3335,11,41.5,32,8.5,5
622,2018/8/28 16:00,158.945,4.989193135,30.84333333,81.11,34,0.3335,11,41.5,32,8.5,5
623,2018/8/28 17:00,356.5083333,4.99004849,28.99333333,87.495,34,0.3335,11,41.5,32,8.5,5
624,2018/8/28 18:00,905.1916667,4.992292608,27.94666667,92.5,34,0.3335,11,41.5,32,8.5,5
625,2018/8/28 19:00,1125,4.9960928,27.66166667,94.49166667,34,0.3335,11,41.5,32,8.5,5
626,2018/8/28 20:00,1723.666667,5.0009315,27.37666667,95.94,34,0.3335,11,41.5,32,8.5,5
627,2018/8/28 21:00,3012.166667,5.00917342,27.13333333,97.20666667,34,0.3335,11,41.5,32,8.5,5
628,2018/8/28 22:00,4209.666667,5.02258747,26.94,98.11333333,34,0.3335,11,41.5,32,8.5,5
629,2018/8/28 23:00,2057.833333,5.03489387,27.17333333,98.29166667,34,0.3335,11,41.5,32,8.5,5
630,2018/8/29 0:00,1156.431667,5.039934949,27.245,98.02833333,34,0.3335,11,41.5,32,8.5,5
631,2018/8/29 1:00,839.72,5.043559723,26.99833333,97.37666667,34,0.3335,11,41.5,32,8.5,5
634,2018/8/29 4:00,1384.827586,5.098320302,27.14137931,98.2862069,34,0.3335,11,41.5,32,8.5,5
635,2018/8/29 5:00,1450.333333,5.102127776,27.12666667,98.41166667,34,0.3335,11,41.5,32,8.5,5
636,2018/8/29 6:00,1080.311667,5.106885302,27.37333333,98.11,34,0.3335,11,41.5,32,8.5,5
638,2018/8/29 8:00,308.6898305,5.110926102,29.13898305,89.80847458,40,0.378,20,30,39,11,6
643,2018/8/29 13:00,68.16440678,5.191393005,31.19491525,90.43220339,24,1.111,27,68,23,8,18
644,2018/8/29 14:00,73.56166667,5.191626727,30.08833333,88.675,37,0.567,26,99,36,9,9
645,2018/8/29 15:00,120.575,5.191874619,29.071875,86.471875,52,0.55,23,124,52,22,13
649,2018/8/29 19:00,1138.503448,5.220257253,26.88965517,99.31034483,46,0.533,21,91,41,15,5
650,2018/8/29 20:00,910.9183333,5.222872695,26.87,99.19666667,48,0.511,22,87,42,17,5
651,2018/8/29 21:00,3003.645,5.228295545,26.495,100.235,48,0.544,25,78,43,17,5
652,2018/8/29 22:00,3956.833333,5.242139392,26.38166667,100.5233333,46,0.578,26,69,42,16,5
653,2018/8/29 23:00,6779.833333,5.261287232,26.48666667,101.2833333,42,0.6,34,60,41,15,7
654,2018/8/30 0:00,4342.833333,5.284226412,26.595,100.3733333,45,0.544,25,54,44,19,6
655,2018/8/30 1:00,1120.623333,5.290569266,26.74,99.83666667,45,0.556,24,58,44,16,6
662,2018/8/30 8:00,159.5067797,5.413179128,31.20169492,74.34237288,36,0.5165,28,51.5,34,13,7.5
663,2018/8/30 9:00,140.9183333,5.413711238,31.455,72.34166667,36,0.5165,28,51.5,34,13,7.5
664,2018/8/30 10:00,122.665,5.414187939,32.245,70.71333333,36,0.5165,28,51.5,34,13,7.5
665,2018/8/30 11:00,107.6216667,5.414595549,32.01,71.72333333,36,0.5165,28,51.5,34,13,7.5
666,2018/8/30 12:00,102.3983333,5.414973325,31.67833333,72.76666667,36,0.5165,28,51.5,34,13,7.5
667,2018/8/30 13:00,104.965,5.415342872,29.505,80.17166667,36,0.5165,28,51.5,34,13,7.5
668,2018/8/30 14:00,123.305,5.415749125,28.73833333,83.01166667,36,0.5165,28,51.5,34,13,7.5
669,2018/8/30 15:00,179.75,5.416277746,28.18666667,83.73,36,0.5165,28,51.5,34,13,7.5
670,2018/8/30 16:00,315.9933333,5.41716648,27.59833333,84.37,36,0.5165,28,51.5,34,13,7.5
671,2018/8/30 17:00,466.4633333,5.418579055,26.66166667,87.79166667,36,0.5165,28,51.5,34,13,7.5
672,2018/8/30 18:00,586.6283333,5.420516033,26.24,89.19666667,36,0.5165,28,51.5,34,13,7.5
673,2018/8/30 19:00,513.7216667,5.42252221,26.21833333,88.31333333,36,0.5165,28,51.5,34,13,7.5
674,2018/8/30 20:00,442.105,5.424231844,26.315,86.66,36,0.5165,28,51.5,34,13,7.5
675,2018/8/30 21:00,410.9233333,5.425749301,26.33166667,85.90833333,36,0.5165,28,51.5,34,13,7.5
676,2018/8/30 22:00,389.2316667,5.427183335,26.28333333,86.02,36,0.5165,28,51.5,34,13,7.5
677,2018/8/30 23:00,375.7916667,5.428556415,26.29,85.82666667,36,0.5165,28,51.5,34,13,7.5
678,2018/8/31 0:00,376.48,5.429895071,26.025,86.11166667,36,0.5165,28,51.5,34,13,7.5
679,2018/8/31 1:00,376.7983333,5.431296555,25.88666667,87.27333333,36,0.5165,28,51.5,34,13,7.5
680,2018/8/31 2:00,285.4266667,5.432474569,25.975,84.665,36,0.5165,28,51.5,34,13,7.5
681,2018/8/31 3:00,267.0783333,5.433461206,25.79,84.31666667,36,0.5165,28,51.5,34,13,7.5
682,2018/8/31 4:00,232.6933333,5.434351933,25.6,82.97833333,36,0.5165,28,51.5,34,13,7.5
683,2018/8/31 5:00,185.66,5.435114149,25.14,81.26,36,0.5165,28,51.5,34,13,7.5
684,2018/8/31 6:00,136.5716667,5.435699507,25.90166667,75.37,36,0.5165,28,51.5,34,13,7.5
685,2018/8/31 7:00,103.4383333,5.436123364,25.415,72.71333333,36,0.5165,28,51.5,34,13,7.5
686,2018/8/31 8:00,58.155,5.436411194,27.30333333,62.86833333,36,0.5165,28,51.5,34,13,7.5
687,2018/8/31 9:00,33.27666667,5.436576137,29.30666667,55.28166667,36,0.533,35,50,33,7,6
688,2018/8/31 10:00,19.45833333,5.436661952,30.55666667,52.48666667,35,0.489,31,61,34,9,7
689,2018/8/31 11:00,30.39833333,5.436748326,28.25,61.34166667,33,0.522,23,74,31,6,6
690,2018/8/31 12:00,32.765,5.436863481,27.945,63.54666667,33,0.433,17,85,27,6,5
691,2018/8/31 13:00,52.445,5.437018869,26.78,67.44166667,34,0.478,15,94,24,7,4
692,2018/8/31 14:00,51.59833333,5.437205491,27.02833333,67.93666667,36,0.456,14,99,26,5,5
693,2018/8/31 15:00,44.92,5.437382779,27.115,65.31833333,39,0.433,12,103,25,6,4
694,2018/8/31 16:00,33.63333333,5.437524431,27.705,60.23166667,42,0.433,15,99,24,6,4
695,2018/8/31 17:00,30.45,5.437633736,27.05166667,61.46333333,45,0.433,21,88,26,5,5
696,2018/8/31 18:00,54.11166667,5.43777563,26.03833333,66.955,46,0.478,27,79,24,8,5
697,2018/8/31 19:00,80.21833333,5.438021021,25.86833333,69.54666667,45,0.5,28,66,31,7,4
698,2018/8/31 20:00,129.63,5.438399728,25.575,73.815,44,0.522,29,66,32,8,4
699,2018/8/31 21:00,132.52,5.438884288,25.38,73.89166667,42,0.544,35,56,35,12,4
700,2018/8/31 22:00,141.2483333,5.43937112,24.71833333,73.89666667,39,0.522,36,54,36,10,4
701,2018/8/31 23:00,193.59,5.439949136,23.94333333,76.89666667,39,0.539,35.5,49.5,37,11,5
702,2018/9/1 0:00,304.8066667,5.440841772,23.38,80.98833333,39,0.556,35,45,38,12,6
703,2018/9/1 1:00,314.11,5.44203807,23.64666667,80.03166667,37,0.489,32,41,36,13,5
704,2018/9/1 2:00,163.16,5.442887535,24.085,70.285,41,0.456,23,52,40,12,6
705,2018/9/1 3:00,91.17,5.443315502,24.05666667,62.23833333,37,0.467,22,48,36,12,7
706,2018/9/1 4:00,96.77,5.443618424,22.94,68.855,51,0.489,15,83,37,16.5,6.5
707,2018/9/1 5:00,100.1483333,5.444011956,24.06833333,67.54,51,0.489,15,83,37,16.5,6.5
708,2018/9/1 6:00,59.31833333,5.444292442,28.67166667,56.62833333,51,0.489,15,83,37,16.5,6.5
709,2018/9/1 7:00,28.81166667,5.444451301,33.46333333,45.97666667,51,0.489,15,83,37,16.5,6.5
710,2018/9/1 8:00,10.71833333,5.44451491,35.335,41.46166667,51,0.489,15,83,37,16.5,6.5
711,2018/9/1 9:00,5.9,5.444542527,35.74,41.67666667,51,0.489,15,83,37,16.5,6.5
712,2018/9/1 10:00,5.886666667,5.444561426,34.61666667,48.83333333,51,0.489,15,83,37,16.5,6.5
713,2018/9/1 11:00,13.89166667,5.444596546,33.64,52.49166667,51,0.489,15,83,37,16.5,6.5
714,2018/9/1 12:00,25.355,5.444669147,32.01666667,57.90666667,51,0.489,15,83,37,16.5,6.5
715,2018/9/1 13:00,24.48833333,5.44475942,30.35833333,62.11166667,51,0.489,15,83,37,16.5,6.5
716,2018/9/1 14:00,26.68,5.444851772,29.59333333,62.10166667,51,0.489,15,83,37,16.5,6.5
717,2018/9/1 15:00,30.12166667,5.444951221,29.12333333,61.30333333,51,0.489,15,83,37,16.5,6.5
718,2018/9/1 16:00,63.64166667,5.445106157,28.23666667,63.32,51,0.489,15,83,37,16.5,6.5
719,2018/9/1 17:00,131.4766667,5.445444841,26.33333333,69.23,51,0.489,15,83,37,16.5,6.5
720,2018/9/1 18:00,254.0466667,5.446120157,25.43333333,73.07,51,0.489,15,83,37,16.5,6.5
721,2018/9/1 19:00,319.6466667,5.44720748,25.33833333,74.77666667,51,0.489,15,83,37,16.5,6.5
722,2018/9/1 20:00,344.9833333,5.44840993,25.30166667,75.64666667,51,0.489,15,83,37,16.5,6.5
723,2018/9/1 21:00,305.5766667,5.449596581,25.21,75.82833333,51,0.489,15,83,37,16.5,6.5
724,2018/9/1 22:00,295.6783333,5.450664522,25.05666667,76.265,51,0.489,15,83,37,16.5,6.5
725,2018/9/1 23:00,325.45,5.451753529,24.855,77.3,51,0.489,15,83,37,16.5,6.5
726,2018/9/2 0:00,418.5916667,5.453089185,24.32166667,80.415,65,0.511,8,118,38,21,6
727,2018/9/2 1:00,399.0116667,5.454625429,24.64666667,79.84666667,55,0.4445,9.5,107,30,14.5,5.5
728,2018/9/2 2:00,307.915,5.455872593,24.77,77.92166667,55,0.4445,9.5,107,30,14.5,5.5
729,2018/9/2 3:00,296.39,5.456942406,24.53,78.05666667,55,0.4445,9.5,107,30,14.5,5.5
730,2018/9/2 4:00,322.4083333,5.458060119,24.42166667,79.04666667,55,0.4445,9.5,107,30,14.5,5.5
731,2018/9/2 5:00,330.39,5.45925936,24.46666667,79.045,55,0.4445,9.5,107,30,14.5,5.5
732,2018/9/2 6:00,200.4916667,5.460230284,26.07,72.45333333,55,0.4445,9.5,107,30,14.5,5.5
733,2018/9/2 7:00,81.77333333,5.460720753,30.735,58.435,55,0.4445,9.5,107,30,14.5,5.5
734,2018/9/2 8:00,26.31,5.460891484,33.17,51.91,55,0.4445,9.5,107,30,14.5,5.5
735,2018/9/2 9:00,18.39166667,5.460967332,32.54,53.93833333,55,0.4445,9.5,107,30,14.5,5.5
736,2018/9/2 10:00,11.19,5.461021737,35.375,45.53333333,45,0.378,11,96,22,8,5
737,2018/9/2 11:00,9.48,5.461056418,35.06166667,47.96666667,45,0.378,9,104,21,8,5
738,2018/9/2 12:00,12.46,5.461094741,34.03666667,51.01333333,45,0.378,9,107,25,8,5
739,2018/9/2 13:00,21.10666667,5.461151017,31.43833333,56.83833333,46,0.389,10,104,24,9,6
740,2018/9/2 14:00,50.22833333,5.461283493,28.50333333,65.02666667,47,0.389,9,101,23,8,5
741,2018/9/2 15:00,43.01166667,5.461447481,28.31,66.14666667,49,0.344,9,93,21,7,4
742,2018/9/2 16:00,81.645,5.461662168,27.33,69.8,50,0.344,11,88,19,4,4
743,2018/9/2 17:00,157.3666667,5.462076208,26.255,73.76,50,0.356,14,87,18,5,4
744,2018/9/2 18:00,327.2683333,5.462960766,25.17,78.04833333,49,0.367,13,87,18,6,4
745,2018/9/2 19:00,384.3183333,5.464273297,25.13333333,79.69166667,48,0.378,16,84,19,6,5
746,2018/9/2 20:00,412.7886364,5.465503105,25.175,80.48636364,46,0.356,16,85,19,6,5
747,2018/9/2 21:00,478.1551724,5.467722514,24.94137931,82.27241379,45,0.356,15,87,20,7,5
749,2018/9/2 23:00,531.1457627,5.47164492,25.16949153,82.76440678,44,0.378,14,87,26,7,5
750,2018/9/3 0:00,502.43,5.473548607,25.39,82.66333333,47.5,0.4,10.5,93.5,26,8.5,5
751,2018/9/3 1:00,442.4295455,5.475508653,25.88181818,82.68181818,51,0.422,7,100,26,10,5
752,2018/9/3 2:00,494.2283333,5.476906463,25.99333333,84.405,53,0.467,6,103,27,10,6
753,2018/9/3 3:00,604.5038462,5.478800618,26.16923077,87.11923077,52,0.478,6,99,30,13,6
761,2018/9/3 11:00,64.45172414,5.595935465,32.32413793,80.18275862,47,0.578,11.5,116,34,14.5,7
762,2018/9/3 12:00,36.10333333,5.596057927,34.46333333,64.94666667,47,0.578,11.5,116,34,14.5,7
763,2018/9/3 13:00,28.16833333,5.596165542,32.74666667,66.205,47,0.578,11.5,116,34,14.5,7
764,2018/9/3 14:00,39.045,5.596284275,31.025,72.27666667,42,0.678,17,133,38,16,8
765,2018/9/3 15:00,61.21833333,5.5964576,30.25666667,75.25333333,47,0.678,15,149,44,25,6
766,2018/9/3 16:00,107.8933333,5.596750821,28.5,82.735,53,0.7,16,147,50,26,6
767,2018/9/3 17:00,174.0319149,5.597194164,27.65531915,86.51914894,61,0.711,21,139,49,27,7
769,2018/9/3 19:00,110.259322,5.616333404,23.76779661,92.44576271,73,0.722,31,116,52,27,5
770,2018/9/3 20:00,97.02333333,5.616701992,24.26666667,87.805,76,0.756,38,105,48,30,5
771,2018/9/3 21:00,92.80833333,5.617041569,24.54,83.27166667,75,0.811,31,108,57,37,5
772,2018/9/3 22:00,88.54333333,5.617368233,24.09833333,81.53833333,72.5,0.8665,30.5,108,69.5,42.5,5
773,2018/9/3 23:00,87.87,5.617679997,23.62,81.39,70,0.922,30,108,82,48,5
774,2018/9/4 0:00,88.465,5.618005232,23.535,82.125,68,0.867,26,107,83,48,6
775,2018/9/4 1:00,83.08666667,5.618312853,23.315,80.75666667,66,0.789,17,111,79,39,7
776,2018/9/4 2:00,77.26666667,5.618600893,23.135,78.61666667,61,0.722,15,93,69,33,8
777,2018/9/4 3:00,73.67333333,5.61887006,22.445,79.48666667,58,0.7,19,65,64,25,9
778,2018/9/4 4:00,77.09166667,5.619142133,21.905,82.15,54,0.633,20,46,56,20,9
779,2018/9/4 5:00,75.53,5.619418289,22.18333333,81.855,47,0.656,23,35,46,15,9
780,2018/9/4 6:00,58.69833333,5.61966371,25.74166667,69.94833333,45,0.689,27,26,44,14,9
781,2018/9/4 7:00,44.61,5.61984735,29.34333333,58.91333333,43,0.789,30,24,42,13,9
782,2018/9/4 8:00,31.27666667,5.619985429,31.93833333,52.905,49,0.867,31,32,48,14,10
783,2018/9/4 9:00,20.315,5.620073915,34.325,44.825,53,0.944,33,46,53,17,11
784,2018/9/4 10:00,15.07166667,5.620136981,36.06833333,41.19,56,0.863,32,67,60,16,11
785,2018/9/4 11:00,11.79833333,5.620185516,37.65166667,36.58666667,54,0.775,26,92,56,15,9
786,2018/9/4 12:00,10.455,5.620224221,36.39333333,39.99333333,52,0.678,18,111,52,15,8
787,2018/9/4 13:00,10.34666667,5.620261311,33.255,44.72666667,42,0.7,14,120,41,11,8
788,2018/9/4 14:00,10.74666667,5.62030044,31.63833333,43.65666667,42,0.589,14,122,41,10,9
789,2018/9/4 15:00,10.54,5.620337162,30.885,42.08666667,44,0.462,18,111,39,12,18
790,2018/9/4 16:00,15.67833333,5.620383119,29.775,44.20333333,50,0.833,19,110,33,7,7
791,2018/9/4 17:00,21.84833333,5.620451735,27.80166667,49.96833333,56,0.433,20,112,34,8,6
792,2018/9/4 18:00,23.04333333,5.620532851,26.44166667,52.445,60,0.444,24,102,33,7,6
793,2018/9/4 19:00,23.16166667,5.620617693,25.52,53.75833333,60,0.433,29,91,35,8,6
794,2018/9/4 20:00,22.55166667,5.620698874,24.74,54.77166667,56,0.433,33,80,38,9,6
795,2018/9/4 21:00,28.00333333,5.620788135,22.67666667,62.08166667,51,0.478,35,72,41,9,7
796,2018/9/4 22:00,33.94333333,5.62090079,21.92666667,64.885,47,0.533,47,59,42,9,6
797,2018/9/4 23:00,39.02666667,5.621031228,21.96,66.345,43,0.556,48,55,39,10,6
798,2018/9/5 0:00,54.03,5.621197038,22.18333333,71.535,44,0.522,40,64,43,10,6
799,2018/9/5 1:00,68.66833333,5.621421548,21.89166667,74.73333333,44,0.489,44,49,43,9,7
800,2018/9/5 2:00,69.915,5.621671433,20.735,76.94,44,0.5,34,53,43,9,7
801,2018/9/5 3:00,81.58833333,5.621944899,21.17833333,76.78666667,36,0.478,30,59,35,10,7
802,2018/9/5 4:00,88.93833333,5.622253951,21.48,77.39333333,35,0.489,36,48,34,10,7
803,2018/9/5 5:00,76.17666667,5.622551671,21.7,74.93,41,0.5,38,41,40,13,8
804,2018/9/5 6:00,51.67166667,5.622788116,26.31333333,61.78333333,43,0.667,38,39,42,14,10
805,2018/9/5 7:00,32.89,5.622933252,28.71166667,54.64333333,49,0.711,45,34,48,17,12
806,2018/9/5 8:00,15.27833333,5.623020747,35.26666667,36.295,53,0.789,50,38,54,19,15
807,2018/9/5 9:00,8.775,5.623060568,37.44166667,30.67,57,0.867,44,58,62,18,21
808,2018/9/5 10:00,7.671666667,5.623089841,37.10166667,29.17666667,56,0.956,39,84,59,19,25
809,2018/9/5 11:00,6.371666667,5.623114474,37.58166667,30.07333333,54,0.844,32,103,56,18,19
810,2018/9/5 12:00,7.316666667,5.623137914,35.09,36.44833333,52,0.878,25,137,52,18,23
811,2018/9/5 13:00,10.42,5.623155508,33.53,44.04,58,0.589,21,147,63,25,14
